id,name,distance_from_star (ly),planet_size (Earth masses),temperature (K),atmosphere,star_type,orbital_period (days),surface_pressure (atm),presence_of_liquid_water (0/1),habitability,gravity (m/s^2),planet_age (billion years),metallicity,solar_flare_activity,day_length (hours),surface_gravity_ratio
1,ExoPlanet-1,10.0,1.0,250.0,Earth-like,M-dwarf,30.0,0.5,1,1,9.8,4.5,0.5,low,24.0,1.0
3,ExoPlanet-3,10.2,1.04,251.0,Thick atmosphere,M-dwarf,31.0,0.52,1,1,9.84,4.52,0.52,high,24.1,1.04
5,ExoPlanet-5,10.4,1.08,252.0,Thin atmosphere,M-dwarf,32.0,0.54,1,1,9.88,4.54,0.54,medium,24.2,1.08
7,ExoPlanet-7,10.6,1.12,253.0,Earth-like,M-dwarf,33.0,0.56,1,1,9.92,4.56,0.56,low,24.3,1.12
9,ExoPlanet-9,10.8,1.16,254.0,Thick atmosphere,M-dwarf,34.0,0.58,1,1,9.96,4.58,0.58,high,24.4,1.16
11,ExoPlanet-11,11.0,1.2,255.0,Thin atmosphere,M-dwarf,35.0,0.6,1,1,10.0,4.6,0.6,medium,24.5,1.2
13,ExoPlanet-13,11.2,1.24,256.0,Earth-like,M-dwarf,36.0,0.62,1,1,10.04,4.62,0.62,low,24.6,1.24
15,ExoPlanet-15,11.4,1.28,257.0,Thick atmosphere,M-dwarf,37.0,0.64,1,1,10.08,4.64,0.64,high,24.7,1.28
17,ExoPlanet-17,11.6,1.32,258.0,Thin atmosphere,M-dwarf,38.0,0.66,1,1,10.12,4.66,0.66,medium,24.8,1.32
19,ExoPlanet-19,11.8,1.36,259.0,Earth-like,M-dwarf,39.0,0.68,1,1,10.16,4.68,0.68,low,24.9,1.36
21,ExoPlanet-21,12.0,1.4,260.0,Thick atmosphere,M-dwarf,40.0,0.7,1,1,10.2,4.7,0.7,high,25.0,1.4
23,ExoPlanet-23,12.2,1.44,261.0,Thin atmosphere,M-dwarf,41.0,0.72,1,1,10.24,4.72,0.72,medium,25.1,1.44
25,ExoPlanet-25,12.4,1.48,262.0,Earth-like,M-dwarf,42.0,0.74,1,1,10.28,4.74,0.74,low,25.2,1.48
27,ExoPlanet-27,12.6,1.52,263.0,Thick atmosphere,M-dwarf,43.0,0.76,1,1,10.32,4.76,0.76,high,25.3,1.52
29,ExoPlanet-29,12.8,1.56,264.0,Thin atmosphere,M-dwarf,44.0,0.78,1,1,10.36,4.78,0.78,medium,25.4,1.56
31,ExoPlanet-31,13.0,1.6,265.0,Earth-like,M-dwarf,45.0,0.8,1,1,10.4,4.8,0.8,low,25.5,1.6
33,ExoPlanet-33,13.2,1.64,266.0,Thick atmosphere,M-dwarf,46.0,0.82,1,1,10.44,4.82,0.82,high,25.6,1.64
35,ExoPlanet-35,13.4,1.68,267.0,Thin atmosphere,M-dwarf,47.0,0.84,1,1,10.48,4.84,0.84,medium,25.7,1.68
37,ExoPlanet-37,13.6,1.72,268.0,Earth-like,M-dwarf,48.0,0.86,1,1,10.52,4.86,0.86,low,25.8,1.72
39,ExoPlanet-39,13.8,1.76,269.0,Thick atmosphere,M-dwarf,49.0,0.88,1,1,10.56,4.88,0.88,high,25.9,1.76
41,ExoPlanet-41,14.0,1.8,270.0,Thin atmosphere,M-dwarf,50.0,0.9,1,1,10.6,4.9,0.9,medium,26.0,1.8
43,ExoPlanet-43,14.2,1.84,271.0,Earth-like,M-dwarf,51.0,0.92,1,1,10.64,4.92,0.92,low,26.1,1.84
45,ExoPlanet-45,14.4,1.88,272.0,Thick atmosphere,M-dwarf,52.0,0.94,1,1,10.68,4.94,0.94,high,26.2,1.88
47,ExoPlanet-47,14.6,1.92,273.0,Thin atmosphere,M-dwarf,53.0,0.96,1,1,10.72,4.96,0.96,medium,26.3,1.92
49,ExoPlanet-49,14.8,1.96,274.0,Earth-like,M-dwarf,54.0,0.98,1,1,10.76,4.98,0.98,low,26.4,1.96
51,ExoPlanet-51,15.0,2.0,275.0,Thick atmosphere,M-dwarf,55.0,1.0,1,1,10.8,5.0,1.0,high,26.5,2.0
53,ExoPlanet-53,15.2,2.04,276.0,Thin atmosphere,M-dwarf,56.0,1.02,1,1,10.84,5.02,1.02,medium,26.6,2.04
55,ExoPlanet-55,15.4,2.08,277.0,Earth-like,M-dwarf,57.0,1.04,1,1,10.88,5.04,1.04,low,26.7,2.08
57,ExoPlanet-57,15.6,2.12,278.0,Thick atmosphere,M-dwarf,58.0,1.06,1,1,10.92,5.06,1.06,high,26.8,2.12
59,ExoPlanet-59,15.8,2.16,279.0,Thin atmosphere,M-dwarf,59.0,1.08,1,1,10.96,5.08,1.08,medium,26.9,2.16
61,ExoPlanet-61,16.0,2.2,280.0,Earth-like,M-dwarf,60.0,1.1,1,1,11.0,5.1,1.1,low,27.0,2.2
63,ExoPlanet-63,16.2,2.24,281.0,Thick atmosphere,M-dwarf,61.0,1.12,1,1,11.04,5.12,1.12,high,27.1,2.24
65,ExoPlanet-65,16.4,2.28,282.0,Thin atmosphere,M-dwarf,62.0,1.14,1,1,11.08,5.14,1.14,medium,27.2,2.28
67,ExoPlanet-67,16.6,2.32,283.0,Earth-like,M-dwarf,63.0,1.16,1,1,11.12,5.16,1.16,low,27.3,2.32
69,ExoPlanet-69,16.8,2.36,284.0,Thick atmosphere,M-dwarf,64.0,1.18,1,1,11.16,5.18,1.18,high,27.4,2.36
71,ExoPlanet-71,17.0,2.4,285.0,Thin atmosphere,M-dwarf,65.0,1.2,1,1,11.2,5.2,1.2,medium,27.5,2.4
73,ExoPlanet-73,17.2,2.44,286.0,Earth-like,M-dwarf,66.0,1.22,1,1,11.24,5.22,1.22,low,27.6,2.44
75,ExoPlanet-75,17.4,2.48,287.0,Thick atmosphere,M-dwarf,67.0,1.24,1,1,11.28,5.24,1.24,high,27.7,2.48
77,ExoPlanet-77,17.6,2.52,288.0,Thin atmosphere,M-dwarf,68.0,1.26,1,1,11.32,5.26,1.26,medium,27.8,2.52
79,ExoPlanet-79,17.8,2.56,289.0,Earth-like,M-dwarf,69.0,1.28,1,1,11.36,5.28,1.28,low,27.9,2.56
81,ExoPlanet-81,18.0,2.6,290.0,Thick atmosphere,M-dwarf,70.0,1.3,1,1,11.4,5.3,1.3,high,28.0,2.6
83,ExoPlanet-83,18.2,2.64,291.0,Thin atmosphere,M-dwarf,71.0,1.32,1,1,11.44,5.32,1.32,medium,28.1,2.64
85,ExoPlanet-85,18.4,2.68,292.0,Earth-like,M-dwarf,72.0,1.34,1,1,11.48,5.34,1.34,low,28.2,2.68
87,ExoPlanet-87,18.6,2.72,293.0,Thick atmosphere,M-dwarf,73.0,1.36,1,1,11.52,5.36,1.36,high,28.3,2.72
89,ExoPlanet-89,18.8,2.76,294.0,Thin atmosphere,M-dwarf,74.0,1.38,1,1,11.56,5.38,1.38,medium,28.4,2.76
91,ExoPlanet-91,19.0,2.8,295.0,Earth-like,M-dwarf,75.0,1.4,1,1,11.6,5.4,1.4,low,28.5,2.8
93,ExoPlanet-93,19.2,2.84,296.0,Thick atmosphere,M-dwarf,76.0,1.42,1,1,11.64,5.42,1.42,high,28.6,2.84
95,ExoPlanet-95,19.4,2.88,297.0,Thin atmosphere,M-dwarf,77.0,1.44,1,1,11.68,5.44,1.44,medium,28.7,2.88
97,ExoPlanet-97,19.6,2.92,298.0,Earth-like,M-dwarf,78.0,1.46,1,1,11.72,5.46,1.46,low,28.8,2.92
99,ExoPlanet-99,19.8,2.96,299.0,Thick atmosphere,M-dwarf,79.0,1.48,1,1,11.76,5.48,1.48,high,28.9,2.96
101,ExoPlanet-101,20.0,3.0,300.0,Thin atmosphere,M-dwarf,80.0,1.5,1,1,11.8,5.5,1.5,medium,29.0,3.0
103,ExoPlanet-103,20.2,3.04,301.0,Earth-like,M-dwarf,81.0,1.52,1,1,11.84,5.52,1.52,low,29.1,3.04
105,ExoPlanet-105,20.4,3.08,302.0,Thick atmosphere,M-dwarf,82.0,1.54,1,1,11.88,5.54,1.54,high,29.2,3.08
107,ExoPlanet-107,20.6,3.12,303.0,Thin atmosphere,M-dwarf,83.0,1.56,1,1,11.92,5.56,1.56,medium,29.3,3.12
109,ExoPlanet-109,20.8,3.16,304.0,Earth-like,M-dwarf,84.0,1.58,1,1,11.96,5.58,1.58,low,29.4,3.16
111,ExoPlanet-111,21.0,3.2,305.0,Thick atmosphere,M-dwarf,85.0,1.6,1,1,12.0,5.6,1.6,high,29.5,3.2
113,ExoPlanet-113,21.2,3.24,306.0,Thin atmosphere,M-dwarf,86.0,1.62,1,1,12.04,5.62,1.62,medium,29.6,3.24
115,ExoPlanet-115,21.4,3.28,307.0,Earth-like,M-dwarf,87.0,1.64,1,1,12.08,5.64,1.64,low,29.7,3.28
117,ExoPlanet-117,21.6,3.32,308.0,Thick atmosphere,M-dwarf,88.0,1.66,1,1,12.12,5.66,1.66,high,29.8,3.32
119,ExoPlanet-119,21.8,3.36,309.0,Thin atmosphere,M-dwarf,89.0,1.68,1,1,12.16,5.68,1.68,medium,29.9,3.36
121,ExoPlanet-121,22.0,3.4,310.0,Earth-like,M-dwarf,90.0,1.7,1,1,12.2,5.7,1.7,low,30.0,3.4
123,ExoPlanet-123,22.2,3.44,311.0,Thick atmosphere,M-dwarf,91.0,1.72,1,1,12.24,5.72,1.72,high,30.1,3.44
125,ExoPlanet-125,22.4,3.48,312.0,Thin atmosphere,M-dwarf,92.0,1.74,1,1,12.28,5.74,1.74,medium,30.2,3.48
127,ExoPlanet-127,22.6,3.52,313.0,Earth-like,M-dwarf,93.0,1.76,1,1,12.32,5.76,1.76,low,30.3,3.52
129,ExoPlanet-129,22.8,3.56,314.0,Thick atmosphere,M-dwarf,94.0,1.78,1,1,12.36,5.78,1.78,high,30.4,3.56
131,ExoPlanet-131,23.0,3.6,315.0,Thin atmosphere,M-dwarf,95.0,1.8,1,1,12.4,5.8,1.8,medium,30.5,3.6
133,ExoPlanet-133,23.2,3.64,316.0,Earth-like,M-dwarf,96.0,1.82,1,1,12.44,5.82,1.82,low,30.6,3.64
135,ExoPlanet-135,23.4,3.68,317.0,Thick atmosphere,M-dwarf,97.0,1.84,1,1,12.48,5.84,1.84,high,30.7,3.68
137,ExoPlanet-137,23.6,3.72,318.0,Thin atmosphere,M-dwarf,98.0,1.86,1,1,12.52,5.86,1.86,medium,30.8,3.72
139,ExoPlanet-139,23.8,3.76,319.0,Earth-like,M-dwarf,99.0,1.88,1,1,12.56,5.88,1.88,low,30.9,3.76
141,ExoPlanet-141,24.0,3.8,320.0,Thick atmosphere,M-dwarf,100.0,1.9,1,1,12.6,5.9,1.9,high,31.0,3.8
143,ExoPlanet-143,24.2,3.84,321.0,Thin atmosphere,M-dwarf,101.0,1.92,1,1,12.64,5.92,1.92,medium,31.1,3.84
145,ExoPlanet-145,24.4,3.88,322.0,Earth-like,M-dwarf,102.0,1.94,1,1,12.68,5.94,1.94,low,31.2,3.88
147,ExoPlanet-147,24.6,3.92,323.0,Thick atmosphere,M-dwarf,103.0,1.96,1,1,12.72,5.96,1.96,high,31.3,3.92
149,ExoPlanet-149,24.8,3.96,324.0,Thin atmosphere,M-dwarf,104.0,1.98,1,1,12.76,5.98,1.98,medium,31.4,3.96
151,ExoPlanet-151,25.0,4.0,325.0,Earth-like,M-dwarf,105.0,2.0,1,1,12.8,6.0,2.0,low,31.5,4.0
153,ExoPlanet-153,25.2,4.04,326.0,Thick atmosphere,M-dwarf,106.0,2.02,1,1,12.84,6.02,2.02,high,31.6,4.04
155,ExoPlanet-155,25.4,4.08,327.0,Thin atmosphere,M-dwarf,107.0,2.04,1,1,12.88,6.04,2.04,medium,31.7,4.08
157,ExoPlanet-157,25.6,4.12,328.0,Earth-like,M-dwarf,108.0,2.06,1,1,12.92,6.06,2.06,low,31.8,4.12
159,ExoPlanet-159,25.8,4.16,329.0,Thick atmosphere,M-dwarf,109.0,2.08,1,1,12.96,6.08,2.08,high,31.9,4.16
161,ExoPlanet-161,26.0,4.2,330.0,Thin atmosphere,M-dwarf,110.0,2.1,1,1,13.0,6.1,2.1,medium,32.0,4.2
163,ExoPlanet-163,26.2,4.24,331.0,Earth-like,M-dwarf,111.0,2.12,1,1,13.04,6.12,2.12,low,32.1,4.24
165,ExoPlanet-165,26.4,4.28,332.0,Thick atmosphere,M-dwarf,112.0,2.14,1,1,13.08,6.14,2.14,high,32.2,4.28
167,ExoPlanet-167,26.6,4.32,333.0,Thin atmosphere,M-dwarf,113.0,2.16,1,1,13.12,6.16,2.16,medium,32.3,4.32
169,ExoPlanet-169,26.8,4.36,334.0,Earth-like,M-dwarf,114.0,2.18,1,1,13.16,6.18,2.18,low,32.4,4.36
171,ExoPlanet-171,27.0,4.4,335.0,Thick atmosphere,M-dwarf,115.0,2.2,1,1,13.2,6.2,2.2,high,32.5,4.4
173,ExoPlanet-173,27.2,4.44,336.0,Thin atmosphere,M-dwarf,116.0,2.22,1,1,13.24,6.22,2.22,medium,32.6,4.44
175,ExoPlanet-175,27.4,4.48,337.0,Earth-like,M-dwarf,117.0,2.24,1,1,13.28,6.24,2.24,low,32.7,4.48
177,ExoPlanet-177,27.6,4.52,338.0,Thick atmosphere,M-dwarf,118.0,2.26,1,1,13.32,6.26,2.26,high,32.8,4.52
179,ExoPlanet-179,27.8,4.56,339.0,Thin atmosphere,M-dwarf,119.0,2.28,1,1,13.36,6.28,2.28,medium,32.9,4.56
181,ExoPlanet-181,28.0,4.6,340.0,Earth-like,M-dwarf,120.0,2.3,1,1,13.4,6.3,2.3,low,33.0,4.6
183,ExoPlanet-183,28.2,4.64,341.0,Thick atmosphere,M-dwarf,121.0,2.32,1,1,13.44,6.32,2.32,high,33.1,4.64
185,ExoPlanet-185,28.4,4.68,342.0,Thin atmosphere,M-dwarf,122.0,2.34,1,1,13.48,6.34,2.34,medium,33.2,4.68
187,ExoPlanet-187,28.6,4.72,343.0,Earth-like,M-dwarf,123.0,2.36,1,1,13.52,6.36,2.36,low,33.3,4.72
189,ExoPlanet-189,28.8,4.76,344.0,Thick atmosphere,M-dwarf,124.0,2.38,1,1,13.56,6.38,2.38,high,33.4,4.76
191,ExoPlanet-191,29.0,4.8,345.0,Thin atmosphere,M-dwarf,125.0,2.4,1,1,13.6,6.4,2.4,medium,33.5,4.8
193,ExoPlanet-193,29.2,4.84,346.0,Earth-like,M-dwarf,126.0,2.42,1,1,13.64,6.42,2.42,low,33.6,4.84
195,ExoPlanet-195,29.4,4.88,347.0,Thick atmosphere,M-dwarf,127.0,2.44,1,1,13.68,6.44,2.44,high,33.7,4.88
197,ExoPlanet-197,29.6,4.92,348.0,Thin atmosphere,M-dwarf,128.0,2.46,1,1,13.72,6.46,2.46,medium,33.8,4.92
199,ExoPlanet-199,29.8,4.96,349.0,Earth-like,M-dwarf,129.0,2.48,1,1,13.76,6.48,2.48,low,33.9,4.96
201,ExoPlanet-201,30.0,5.0,350.0,Thick atmosphere,M-dwarf,130.0,2.5,1,1,13.8,6.5,2.5,high,34.0,5.0
203,ExoPlanet-203,30.2,5.04,351.0,Thin atmosphere,M-dwarf,131.0,2.52,1,1,13.84,6.52,2.52,medium,34.1,5.04
205,ExoPlanet-205,30.4,5.08,352.0,Earth-like,M-dwarf,132.0,2.54,1,1,13.88,6.54,2.54,low,34.2,5.08
207,ExoPlanet-207,30.6,5.12,353.0,Thick atmosphere,M-dwarf,133.0,2.56,1,1,13.92,6.56,2.56,high,34.3,5.12
209,ExoPlanet-209,30.8,5.16,354.0,Thin atmosphere,M-dwarf,134.0,2.58,1,1,13.96,6.58,2.58,medium,34.4,5.16
211,ExoPlanet-211,31.0,5.2,355.0,Earth-like,M-dwarf,135.0,2.6,1,1,14.0,6.6,2.6,low,34.5,5.2
213,ExoPlanet-213,31.2,5.24,356.0,Thick atmosphere,M-dwarf,136.0,2.62,1,1,14.04,6.62,2.62,high,34.6,5.24
215,ExoPlanet-215,31.4,5.28,357.0,Thin atmosphere,M-dwarf,137.0,2.64,1,1,14.08,6.64,2.64,medium,34.7,5.28
217,ExoPlanet-217,31.6,5.32,358.0,Earth-like,M-dwarf,138.0,2.66,1,1,14.12,6.66,2.66,low,34.8,5.32
219,ExoPlanet-219,31.8,5.36,359.0,Thick atmosphere,M-dwarf,139.0,2.68,1,1,14.16,6.68,2.68,high,34.9,5.36
221,ExoPlanet-221,32.0,5.4,360.0,Thin atmosphere,M-dwarf,140.0,2.7,1,1,14.2,6.7,2.7,medium,35.0,5.4
223,ExoPlanet-223,32.2,5.44,361.0,Earth-like,M-dwarf,141.0,2.72,1,1,14.24,6.72,2.72,low,35.1,5.44
225,ExoPlanet-225,32.4,5.48,362.0,Thick atmosphere,M-dwarf,142.0,2.74,1,1,14.28,6.74,2.74,high,35.2,5.48
227,ExoPlanet-227,32.6,5.52,363.0,Thin atmosphere,M-dwarf,143.0,2.76,1,1,14.32,6.76,2.76,medium,35.3,5.52
229,ExoPlanet-229,32.8,5.56,364.0,Earth-like,M-dwarf,144.0,2.78,1,1,14.36,6.78,2.78,low,35.4,5.56
231,ExoPlanet-231,33.0,5.6,365.0,Thick atmosphere,M-dwarf,145.0,2.8,1,1,14.4,6.8,2.8,high,35.5,5.6
233,ExoPlanet-233,33.2,5.64,366.0,Thin atmosphere,M-dwarf,146.0,2.82,1,1,14.44,6.82,2.82,medium,35.6,5.64
235,ExoPlanet-235,33.4,5.68,367.0,Earth-like,M-dwarf,147.0,2.84,1,1,14.48,6.84,2.84,low,35.7,5.68
237,ExoPlanet-237,33.6,5.72,368.0,Thick atmosphere,M-dwarf,148.0,2.86,1,1,14.52,6.86,2.86,high,35.8,5.72
239,ExoPlanet-239,33.8,5.76,369.0,Thin atmosphere,M-dwarf,149.0,2.88,1,1,14.56,6.88,2.88,medium,35.9,5.76
241,ExoPlanet-241,34.0,5.8,370.0,Earth-like,M-dwarf,150.0,2.9,1,1,14.6,6.9,2.9,low,36.0,5.8
243,ExoPlanet-243,34.2,5.84,371.0,Thick atmosphere,M-dwarf,151.0,2.92,1,1,14.64,6.92,2.92,high,36.1,5.84
245,ExoPlanet-245,34.4,5.88,372.0,Thin atmosphere,M-dwarf,152.0,2.94,1,1,14.68,6.94,2.94,medium,36.2,5.88
247,ExoPlanet-247,34.6,5.92,373.0,Earth-like,M-dwarf,153.0,2.96,1,1,14.72,6.96,2.96,low,36.3,5.92
249,ExoPlanet-249,34.8,5.96,374.0,Thick atmosphere,M-dwarf,154.0,2.98,1,1,14.76,6.98,2.98,high,36.4,5.96
251,ExoPlanet-251,35.0,6.0,375.0,Thin atmosphere,M-dwarf,155.0,3.0,1,1,14.8,7.0,3.0,medium,36.5,6.0
253,ExoPlanet-253,35.2,6.04,376.0,Earth-like,M-dwarf,156.0,3.02,1,1,14.84,7.02,3.02,low,36.6,6.04
255,ExoPlanet-255,35.4,6.08,377.0,Thick atmosphere,M-dwarf,157.0,3.04,1,1,14.88,7.04,3.04,high,36.7,6.08
257,ExoPlanet-257,35.6,6.12,378.0,Thin atmosphere,M-dwarf,158.0,3.06,1,1,14.92,7.06,3.06,medium,36.8,6.12
259,ExoPlanet-259,35.8,6.16,379.0,Earth-like,M-dwarf,159.0,3.08,1,1,14.96,7.08,3.08,low,36.9,6.16
261,ExoPlanet-261,36.0,6.2,380.0,Thick atmosphere,M-dwarf,160.0,3.1,1,1,15.0,7.1,3.1,high,37.0,6.2
263,ExoPlanet-263,36.2,6.24,381.0,Thin atmosphere,M-dwarf,161.0,3.12,1,1,15.04,7.12,3.12,medium,37.1,6.24
265,ExoPlanet-265,36.4,6.28,382.0,Earth-like,M-dwarf,162.0,3.14,1,1,15.08,7.14,3.14,low,37.2,6.28
267,ExoPlanet-267,36.6,6.32,383.0,Thick atmosphere,M-dwarf,163.0,3.16,1,1,15.12,7.16,3.16,high,37.3,6.32
269,ExoPlanet-269,36.8,6.36,384.0,Thin atmosphere,M-dwarf,164.0,3.18,1,1,15.16,7.18,3.18,medium,37.4,6.36
271,ExoPlanet-271,37.0,6.4,385.0,Earth-like,M-dwarf,165.0,3.2,1,1,15.2,7.2,3.2,low,37.5,6.4
273,ExoPlanet-273,37.2,6.44,386.0,Thick atmosphere,M-dwarf,166.0,3.22,1,1,15.24,7.22,3.22,high,37.6,6.44
275,ExoPlanet-275,37.4,6.48,387.0,Thin atmosphere,M-dwarf,167.0,3.24,1,1,15.28,7.24,3.24,medium,37.7,6.48
277,ExoPlanet-277,37.6,6.52,388.0,Earth-like,M-dwarf,168.0,3.26,1,1,15.32,7.26,3.26,low,37.8,6.52
279,ExoPlanet-279,37.8,6.56,389.0,Thick atmosphere,M-dwarf,169.0,3.28,1,1,15.36,7.28,3.28,high,37.9,6.56
281,ExoPlanet-281,38.0,6.6,390.0,Thin atmosphere,M-dwarf,170.0,3.3,1,1,15.4,7.3,3.3,medium,38.0,6.6
283,ExoPlanet-283,38.2,6.64,391.0,Earth-like,M-dwarf,171.0,3.32,1,1,15.44,7.32,3.32,low,38.1,6.64
285,ExoPlanet-285,38.4,6.68,392.0,Thick atmosphere,M-dwarf,172.0,3.34,1,1,15.48,7.34,3.34,high,38.2,6.68
287,ExoPlanet-287,38.6,6.72,393.0,Thin atmosphere,M-dwarf,173.0,3.36,1,1,15.52,7.36,3.36,medium,38.3,6.72
289,ExoPlanet-289,38.8,6.76,394.0,Earth-like,M-dwarf,174.0,3.38,1,1,15.56,7.38,3.38,low,38.4,6.76
291,ExoPlanet-291,39.0,6.8,395.0,Thick atmosphere,M-dwarf,175.0,3.4,1,1,15.6,7.4,3.4,high,38.5,6.8
293,ExoPlanet-293,39.2,6.84,396.0,Thin atmosphere,M-dwarf,176.0,3.42,1,1,15.64,7.42,3.42,medium,38.6,6.84
295,ExoPlanet-295,39.4,6.88,397.0,Earth-like,M-dwarf,177.0,3.44,1,1,15.68,7.44,3.44,low,38.7,6.88
297,ExoPlanet-297,39.6,6.92,398.0,Thick atmosphere,M-dwarf,178.0,3.46,1,1,15.72,7.46,3.46,high,38.8,6.92
299,ExoPlanet-299,39.8,6.96,399.0,Thin atmosphere,M-dwarf,179.0,3.48,1,1,15.76,7.48,3.48,medium,38.9,6.96
301,ExoPlanet-301,40.0,7.0,400.0,Earth-like,M-dwarf,180.0,3.5,1,1,15.8,7.5,3.5,low,39.0,7.0
303,ExoPlanet-303,40.2,7.04,401.0,Thick atmosphere,M-dwarf,181.0,3.52,1,1,15.84,7.52,3.52,high,39.1,7.04
305,ExoPlanet-305,40.4,7.08,402.0,Thin atmosphere,M-dwarf,182.0,3.54,1,1,15.88,7.54,3.54,medium,39.2,7.08
307,ExoPlanet-307,40.6,7.12,403.0,Earth-like,M-dwarf,183.0,3.56,1,1,15.92,7.56,3.56,low,39.3,7.12
309,ExoPlanet-309,40.8,7.16,404.0,Thick atmosphere,M-dwarf,184.0,3.58,1,1,15.96,7.58,3.58,high,39.4,7.16
311,ExoPlanet-311,41.0,7.2,405.0,Thin atmosphere,M-dwarf,185.0,3.6,1,1,16.0,7.6,3.6,medium,39.5,7.2
313,ExoPlanet-313,41.2,7.24,406.0,Earth-like,M-dwarf,186.0,3.62,1,1,16.04,7.62,3.62,low,39.6,7.24
315,ExoPlanet-315,41.4,7.28,407.0,Thick atmosphere,M-dwarf,187.0,3.64,1,1,16.08,7.64,3.64,high,39.7,7.28
317,ExoPlanet-317,41.6,7.32,408.0,Thin atmosphere,M-dwarf,188.0,3.66,1,1,16.12,7.66,3.66,medium,39.8,7.32
319,ExoPlanet-319,41.8,7.36,409.0,Earth-like,M-dwarf,189.0,3.68,1,1,16.16,7.68,3.68,low,39.9,7.36
321,ExoPlanet-321,42.0,7.4,410.0,Thick atmosphere,M-dwarf,190.0,3.7,1,1,16.2,7.7,3.7,high,40.0,7.4
323,ExoPlanet-323,42.2,7.44,411.0,Thin atmosphere,M-dwarf,191.0,3.72,1,1,16.24,7.72,3.72,medium,40.1,7.44
325,ExoPlanet-325,42.4,7.48,412.0,Earth-like,M-dwarf,192.0,3.74,1,1,16.28,7.74,3.74,low,40.2,7.48
327,ExoPlanet-327,42.6,7.52,413.0,Thick atmosphere,M-dwarf,193.0,3.76,1,1,16.32,7.76,3.76,high,40.3,7.52
329,ExoPlanet-329,42.8,7.56,414.0,Thin atmosphere,M-dwarf,194.0,3.78,1,1,16.36,7.78,3.78,medium,40.4,7.56
331,ExoPlanet-331,43.0,7.6,415.0,Earth-like,M-dwarf,195.0,3.8,1,1,16.4,7.8,3.8,low,40.5,7.6
333,ExoPlanet-333,43.2,7.64,416.0,Thick atmosphere,M-dwarf,196.0,3.82,1,1,16.44,7.82,3.82,high,40.6,7.64
335,ExoPlanet-335,43.4,7.68,417.0,Thin atmosphere,M-dwarf,197.0,3.84,1,1,16.48,7.84,3.84,medium,40.7,7.68
337,ExoPlanet-337,43.6,7.72,418.0,Earth-like,M-dwarf,198.0,3.86,1,1,16.52,7.86,3.86,low,40.8,7.72
339,ExoPlanet-339,43.8,7.76,419.0,Thick atmosphere,M-dwarf,199.0,3.88,1,1,16.56,7.88,3.88,high,40.9,7.76
341,ExoPlanet-341,44.0,7.8,420.0,Thin atmosphere,M-dwarf,200.0,3.9,1,1,16.6,7.9,3.9,medium,41.0,7.8
343,ExoPlanet-343,44.2,7.84,421.0,Earth-like,M-dwarf,201.0,3.92,1,1,16.64,7.92,3.92,low,41.1,7.84
345,ExoPlanet-345,44.4,7.88,422.0,Thick atmosphere,M-dwarf,202.0,3.94,1,1,16.68,7.94,3.94,high,41.2,7.88
347,ExoPlanet-347,44.6,7.92,423.0,Thin atmosphere,M-dwarf,203.0,3.96,1,1,16.72,7.96,3.96,medium,41.3,7.92
349,ExoPlanet-349,44.8,7.96,424.0,Earth-like,M-dwarf,204.0,3.98,1,1,16.76,7.98,3.98,low,41.4,7.96
351,ExoPlanet-351,45.0,8.0,425.0,Thick atmosphere,M-dwarf,205.0,4.0,1,1,16.8,8.0,4.0,high,41.5,8.0
353,ExoPlanet-353,45.2,8.04,426.0,Thin atmosphere,M-dwarf,206.0,4.02,1,1,16.84,8.02,4.02,medium,41.6,8.04
355,ExoPlanet-355,45.4,8.08,427.0,Earth-like,M-dwarf,207.0,4.04,1,1,16.88,8.04,4.04,low,41.7,8.08
357,ExoPlanet-357,45.6,8.12,428.0,Thick atmosphere,M-dwarf,208.0,4.06,1,1,16.92,8.06,4.06,high,41.8,8.12
359,ExoPlanet-359,45.8,8.16,429.0,Thin atmosphere,M-dwarf,209.0,4.08,1,1,16.96,8.08,4.08,medium,41.9,8.16
361,ExoPlanet-361,46.0,8.2,430.0,Earth-like,M-dwarf,210.0,4.1,1,1,17.0,8.1,4.1,low,42.0,8.2
363,ExoPlanet-363,46.2,8.24,431.0,Thick atmosphere,M-dwarf,211.0,4.12,1,1,17.04,8.12,4.12,high,42.1,8.24
365,ExoPlanet-365,46.4,8.28,432.0,Thin atmosphere,M-dwarf,212.0,4.14,1,1,17.08,8.14,4.14,medium,42.2,8.28
367,ExoPlanet-367,46.6,8.32,433.0,Earth-like,M-dwarf,213.0,4.16,1,1,17.12,8.16,4.16,low,42.3,8.32
369,ExoPlanet-369,46.8,8.36,434.0,Thick atmosphere,M-dwarf,214.0,4.18,1,1,17.16,8.18,4.18,high,42.4,8.36
371,ExoPlanet-371,47.0,8.4,435.0,Thin atmosphere,M-dwarf,215.0,4.2,1,1,17.2,8.2,4.2,medium,42.5,8.4
373,ExoPlanet-373,47.2,8.44,436.0,Earth-like,M-dwarf,216.0,4.22,1,1,17.24,8.22,4.22,low,42.6,8.44
375,ExoPlanet-375,47.4,8.48,437.0,Thick atmosphere,M-dwarf,217.0,4.24,1,1,17.28,8.24,4.24,high,42.7,8.48
377,ExoPlanet-377,47.6,8.52,438.0,Thin atmosphere,M-dwarf,218.0,4.26,1,1,17.32,8.26,4.26,medium,42.8,8.52
379,ExoPlanet-379,47.8,8.56,439.0,Earth-like,M-dwarf,219.0,4.28,1,1,17.36,8.28,4.28,low,42.9,8.56
381,ExoPlanet-381,48.0,8.6,440.0,Thick atmosphere,M-dwarf,220.0,4.3,1,1,17.4,8.3,4.3,high,43.0,8.6
383,ExoPlanet-383,48.2,8.64,441.0,Thin atmosphere,M-dwarf,221.0,4.32,1,1,17.44,8.32,4.32,medium,43.1,8.64
385,ExoPlanet-385,48.4,8.68,442.0,Earth-like,M-dwarf,222.0,4.34,1,1,17.48,8.34,4.34,low,43.2,8.68
387,ExoPlanet-387,48.6,8.72,443.0,Thick atmosphere,M-dwarf,223.0,4.36,1,1,17.52,8.36,4.36,high,43.3,8.72
389,ExoPlanet-389,48.8,8.76,444.0,Thin atmosphere,M-dwarf,224.0,4.38,1,1,17.56,8.38,4.38,medium,43.4,8.76
391,ExoPlanet-391,49.0,8.8,445.0,Earth-like,M-dwarf,225.0,4.4,1,1,17.6,8.4,4.4,low,43.5,8.8
393,ExoPlanet-393,49.2,8.84,446.0,Thick atmosphere,M-dwarf,226.0,4.42,1,1,17.64,8.42,4.42,high,43.6,8.84
395,ExoPlanet-395,49.4,8.88,447.0,Thin atmosphere,M-dwarf,227.0,4.44,1,1,17.68,8.44,4.44,medium,43.7,8.88
397,ExoPlanet-397,49.6,8.92,448.0,Earth-like,M-dwarf,228.0,4.46,1,1,17.72,8.46,4.46,low,43.8,8.92
399,ExoPlanet-399,49.8,8.96,449.0,Thick atmosphere,M-dwarf,229.0,4.48,1,1,17.76,8.48,4.48,high,43.9,8.96
401,ExoPlanet-401,50.0,9.0,450.0,Thin atmosphere,M-dwarf,230.0,4.5,1,1,17.8,8.5,4.5,medium,44.0,9.0
403,ExoPlanet-403,50.2,9.04,451.0,Earth-like,M-dwarf,231.0,4.52,1,1,17.84,8.52,4.52,low,44.1,9.04
405,ExoPlanet-405,50.4,9.08,452.0,Thick atmosphere,M-dwarf,232.0,4.54,1,1,17.88,8.54,4.54,high,44.2,9.08
407,ExoPlanet-407,50.6,9.12,453.0,Thin atmosphere,M-dwarf,233.0,4.56,1,1,17.92,8.56,4.56,medium,44.3,9.12
409,ExoPlanet-409,50.8,9.16,454.0,Earth-like,M-dwarf,234.0,4.58,1,1,17.96,8.58,4.58,low,44.4,9.16
411,ExoPlanet-411,51.0,9.2,455.0,Thick atmosphere,M-dwarf,235.0,4.6,1,1,18.0,8.6,4.6,high,44.5,9.2
413,ExoPlanet-413,51.2,9.24,456.0,Thin atmosphere,M-dwarf,236.0,4.62,1,1,18.04,8.62,4.62,medium,44.6,9.24
415,ExoPlanet-415,51.4,9.28,457.0,Earth-like,M-dwarf,237.0,4.64,1,1,18.08,8.64,4.64,low,44.7,9.28
417,ExoPlanet-417,51.6,9.32,458.0,Thick atmosphere,M-dwarf,238.0,4.66,1,1,18.12,8.66,4.66,high,44.8,9.32
419,ExoPlanet-419,51.8,9.36,459.0,Thin atmosphere,M-dwarf,239.0,4.68,1,1,18.16,8.68,4.68,medium,44.9,9.36
421,ExoPlanet-421,52.0,9.4,460.0,Earth-like,M-dwarf,240.0,4.7,1,1,18.2,8.7,4.7,low,45.0,9.4
423,ExoPlanet-423,52.2,9.44,461.0,Thick atmosphere,M-dwarf,241.0,4.72,1,1,18.24,8.72,4.72,high,45.1,9.44
425,ExoPlanet-425,52.4,9.48,462.0,Thin atmosphere,M-dwarf,242.0,4.74,1,1,18.28,8.74,4.74,medium,45.2,9.48
427,ExoPlanet-427,52.6,9.52,463.0,Earth-like,M-dwarf,243.0,4.76,1,1,18.32,8.76,4.76,low,45.3,9.52
429,ExoPlanet-429,52.8,9.56,464.0,Thick atmosphere,M-dwarf,244.0,4.78,1,1,18.36,8.78,4.78,high,45.4,9.56
431,ExoPlanet-431,53.0,9.6,465.0,Thin atmosphere,M-dwarf,245.0,4.8,1,1,18.4,8.8,4.8,medium,45.5,9.6
433,ExoPlanet-433,53.2,9.64,466.0,Earth-like,M-dwarf,246.0,4.82,1,1,18.44,8.82,4.82,low,45.6,9.64
435,ExoPlanet-435,53.4,9.68,467.0,Thick atmosphere,M-dwarf,247.0,4.84,1,1,18.48,8.84,4.84,high,45.7,9.68
437,ExoPlanet-437,53.6,9.72,468.0,Thin atmosphere,M-dwarf,248.0,4.86,1,1,18.52,8.86,4.86,medium,45.8,9.72
439,ExoPlanet-439,53.8,9.76,469.0,Earth-like,M-dwarf,249.0,4.88,1,1,18.56,8.88,4.88,low,45.9,9.76
441,ExoPlanet-441,54.0,9.8,470.0,Thick atmosphere,M-dwarf,250.0,4.9,1,1,18.6,8.9,4.9,high,46.0,9.8
443,ExoPlanet-443,54.2,9.84,471.0,Thin atmosphere,M-dwarf,251.0,4.92,1,1,18.64,8.92,4.92,medium,46.1,9.84
445,ExoPlanet-445,54.4,9.88,472.0,Earth-like,M-dwarf,252.0,4.94,1,1,18.68,8.94,4.94,low,46.2,9.88
447,ExoPlanet-447,54.6,9.92,473.0,Thick atmosphere,M-dwarf,253.0,4.96,1,1,18.72,8.96,4.96,high,46.3,9.92
449,ExoPlanet-449,54.8,9.96,474.0,Thin atmosphere,M-dwarf,254.0,4.98,1,1,18.76,8.98,4.98,medium,46.4,9.96
451,ExoPlanet-451,55.0,10.0,475.0,Earth-like,M-dwarf,255.0,5.0,1,1,18.8,9.0,5.0,low,46.5,10.0
453,ExoPlanet-453,55.2,10.04,476.0,Thick atmosphere,M-dwarf,256.0,5.02,1,1,18.84,9.02,5.02,high,46.6,10.04
455,ExoPlanet-455,55.4,10.08,477.0,Thin atmosphere,M-dwarf,257.0,5.04,1,1,18.88,9.04,5.04,medium,46.7,10.08
457,ExoPlanet-457,55.6,10.12,478.0,Earth-like,M-dwarf,258.0,5.06,1,1,18.92,9.06,5.06,low,46.8,10.12
459,ExoPlanet-459,55.8,10.16,479.0,Thick atmosphere,M-dwarf,259.0,5.08,1,1,18.96,9.08,5.08,high,46.9,10.16
461,ExoPlanet-461,56.0,10.2,480.0,Thin atmosphere,M-dwarf,260.0,5.1,1,1,19.0,9.1,5.1,medium,47.0,10.2
463,ExoPlanet-463,56.2,10.24,481.0,Earth-like,M-dwarf,261.0,5.12,1,1,19.04,9.12,5.12,low,47.1,10.24
465,ExoPlanet-465,56.4,10.28,482.0,Thick atmosphere,M-dwarf,262.0,5.14,1,1,19.08,9.14,5.14,high,47.2,10.28
467,ExoPlanet-467,56.6,10.32,483.0,Thin atmosphere,M-dwarf,263.0,5.16,1,1,19.12,9.16,5.16,medium,47.3,10.32
469,ExoPlanet-469,56.8,10.36,484.0,Earth-like,M-dwarf,264.0,5.18,1,1,19.16,9.18,5.18,low,47.4,10.36
471,ExoPlanet-471,57.0,10.4,485.0,Thick atmosphere,M-dwarf,265.0,5.2,1,1,19.2,9.2,5.2,high,47.5,10.4
473,ExoPlanet-473,57.2,10.44,486.0,Thin atmosphere,M-dwarf,266.0,5.22,1,1,19.24,9.22,5.22,medium,47.6,10.44
475,ExoPlanet-475,57.4,10.48,487.0,Earth-like,M-dwarf,267.0,5.24,1,1,19.28,9.24,5.24,low,47.7,10.48
477,ExoPlanet-477,57.6,10.52,488.0,Thick atmosphere,M-dwarf,268.0,5.26,1,1,19.32,9.26,5.26,high,47.8,10.52
479,ExoPlanet-479,57.8,10.56,489.0,Thin atmosphere,M-dwarf,269.0,5.28,1,1,19.36,9.28,5.28,medium,47.9,10.56
481,ExoPlanet-481,58.0,10.6,490.0,Earth-like,M-dwarf,270.0,5.3,1,1,19.4,9.3,5.3,low,48.0,10.6
483,ExoPlanet-483,58.2,10.64,491.0,Thick atmosphere,M-dwarf,271.0,5.32,1,1,19.44,9.32,5.32,high,48.1,10.64
485,ExoPlanet-485,58.4,10.68,492.0,Thin atmosphere,M-dwarf,272.0,5.34,1,1,19.48,9.34,5.34,medium,48.2,10.68
487,ExoPlanet-487,58.6,10.72,493.0,Earth-like,M-dwarf,273.0,5.36,1,1,19.52,9.36,5.36,low,48.3,10.72
489,ExoPlanet-489,58.8,10.76,494.0,Thick atmosphere,M-dwarf,274.0,5.38,1,1,19.56,9.38,5.38,high,48.4,10.76
491,ExoPlanet-491,59.0,10.8,495.0,Thin atmosphere,M-dwarf,275.0,5.4,1,1,19.6,9.4,5.4,medium,48.5,10.8
493,ExoPlanet-493,59.2,10.84,496.0,Earth-like,M-dwarf,276.0,5.42,1,1,19.64,9.42,5.42,low,48.6,10.84
495,ExoPlanet-495,59.4,10.88,497.0,Thick atmosphere,M-dwarf,277.0,5.44,1,1,19.68,9.44,5.44,high,48.7,10.88
497,ExoPlanet-497,59.6,10.92,498.0,Thin atmosphere,M-dwarf,278.0,5.46,1,1,19.72,9.46,5.46,medium,48.8,10.92
499,ExoPlanet-499,59.8,10.96,499.0,Earth-like,M-dwarf,279.0,5.48,1,1,19.76,9.48,5.48,low,48.9,10.96
501,Earth,0.0,1.0,288.0,Earth-like,G-dwarf,365.0,1.0,1,1,9.8,4.54,1.0,low,24.0,1.0
502,Habitat-Alpha,12.0,1.2,295.0,Earth-like,K-dwarf,400.0,0.9,1,1,10.5,5.1,0.8,medium,26.0,1.1
501,Earth,0.0,1.0,288.0,Earth-like,G-dwarf,365.0,1.0,1,1,9.8,4.54,1.0,low,24.0,1.0
2,ExoPlanet-2,10.1,1.02,250.5,Thin atmosphere,G-dwarf,30.5,0.51,0,0,9.82,4.51,0.51,medium,24.05,1.02
4,ExoPlanet-4,10.3,1.06,251.5,Earth-like,G-dwarf,31.5,0.53,0,0,9.86,4.53,0.53,low,24.15,1.06
6,ExoPlanet-6,10.5,1.1,252.5,Thick atmosphere,G-dwarf,32.5,0.55,0,0,9.9,4.55,0.55,high,24.25,1.1
8,ExoPlanet-8,10.7,1.14,253.5,Thin atmosphere,G-dwarf,33.5,0.57,0,0,9.94,4.57,0.57,medium,24.35,1.14
10,ExoPlanet-10,10.9,1.18,254.5,Earth-like,G-dwarf,34.5,0.59,0,0,9.98,4.59,0.59,low,24.45,1.18
12,ExoPlanet-12,11.1,1.22,255.5,Thick atmosphere,G-dwarf,35.5,0.61,0,0,10.02,4.61,0.61,high,24.55,1.22
14,ExoPlanet-14,11.3,1.26,256.5,Thin atmosphere,G-dwarf,36.5,0.63,0,0,10.06,4.63,0.63,medium,24.65,1.26
16,ExoPlanet-16,11.5,1.3,257.5,Earth-like,G-dwarf,37.5,0.65,0,0,10.1,4.65,0.65,low,24.75,1.3
18,ExoPlanet-18,11.7,1.34,258.5,Thick atmosphere,G-dwarf,38.5,0.67,0,0,10.14,4.67,0.67,high,24.85,1.34
20,ExoPlanet-20,11.9,1.38,259.5,Thin atmosphere,G-dwarf,39.5,0.69,0,0,10.18,4.69,0.69,medium,24.95,1.38
22,ExoPlanet-22,12.1,1.42,260.5,Earth-like,G-dwarf,40.5,0.71,0,0,10.22,4.71,0.71,low,25.05,1.42
24,ExoPlanet-24,12.3,1.46,261.5,Thick atmosphere,G-dwarf,41.5,0.73,0,0,10.26,4.73,0.73,high,25.15,1.46
26,ExoPlanet-26,12.5,1.5,262.5,Thin atmosphere,G-dwarf,42.5,0.75,0,0,10.3,4.75,0.75,medium,25.25,1.5
28,ExoPlanet-28,12.7,1.54,263.5,Earth-like,G-dwarf,43.5,0.77,0,0,10.34,4.77,0.77,low,25.35,1.54
30,ExoPlanet-30,12.9,1.58,264.5,Thick atmosphere,G-dwarf,44.5,0.79,0,0,10.38,4.79,0.79,high,25.45,1.58
32,ExoPlanet-32,13.1,1.62,265.5,Thin atmosphere,G-dwarf,45.5,0.81,0,0,10.42,4.81,0.81,medium,25.55,1.62
34,ExoPlanet-34,13.3,1.66,266.5,Earth-like,G-dwarf,46.5,0.83,0,0,10.46,4.83,0.83,low,25.65,1.66
36,ExoPlanet-36,13.5,1.7,267.5,Thick atmosphere,G-dwarf,47.5,0.85,0,0,10.5,4.85,0.85,high,25.75,1.7
38,ExoPlanet-38,13.7,1.74,268.5,Thin atmosphere,G-dwarf,48.5,0.87,0,0,10.54,4.87,0.87,medium,25.85,1.74
40,ExoPlanet-40,13.9,1.78,269.5,Earth-like,G-dwarf,49.5,0.89,0,0,10.58,4.89,0.89,low,25.95,1.78
42,ExoPlanet-42,14.1,1.82,270.5,Thick atmosphere,G-dwarf,50.5,0.91,0,0,10.62,4.91,0.91,high,26.05,1.82
44,ExoPlanet-44,14.3,1.86,271.5,Thin atmosphere,G-dwarf,51.5,0.93,0,0,10.66,4.93,0.93,medium,26.15,1.86
46,ExoPlanet-46,14.5,1.9,272.5,Earth-like,G-dwarf,52.5,0.95,0,0,10.7,4.95,0.95,low,26.25,1.9
48,ExoPlanet-48,14.7,1.94,273.5,Thick atmosphere,G-dwarf,53.5,0.97,0,0,10.74,4.97,0.97,high,26.35,1.94
50,ExoPlanet-50,14.9,1.98,274.5,Thin atmosphere,G-dwarf,54.5,0.99,0,0,10.78,4.99,0.99,medium,26.45,1.98
52,ExoPlanet-52,15.1,2.02,275.5,Earth-like,G-dwarf,55.5,1.01,0,0,10.82,5.01,1.01,low,26.55,2.02
54,ExoPlanet-54,15.3,2.06,276.5,Thick atmosphere,G-dwarf,56.5,1.03,0,0,10.86,5.03,1.03,high,26.65,2.06
56,ExoPlanet-56,15.5,2.1,277.5,Thin atmosphere,G-dwarf,57.5,1.05,0,0,10.9,5.05,1.05,medium,26.75,2.1
58,ExoPlanet-58,15.7,2.14,278.5,Earth-like,G-dwarf,58.5,1.07,0,0,10.94,5.07,1.07,low,26.85,2.14
60,ExoPlanet-60,15.9,2.18,279.5,Thick atmosphere,G-dwarf,59.5,1.09,0,0,10.98,5.09,1.09,high,26.95,2.18
62,ExoPlanet-62,16.1,2.22,280.5,Thin atmosphere,G-dwarf,60.5,1.11,0,0,11.02,5.11,1.11,medium,27.05,2.22
64,ExoPlanet-64,16.3,2.26,281.5,Earth-like,G-dwarf,61.5,1.13,0,0,11.06,5.13,1.13,low,27.15,2.26
66,ExoPlanet-66,16.5,2.3,282.5,Thick atmosphere,G-dwarf,62.5,1.15,0,0,11.1,5.15,1.15,high,27.25,2.3
68,ExoPlanet-68,16.7,2.34,283.5,Thin atmosphere,G-dwarf,63.5,1.17,0,0,11.14,5.17,1.17,medium,27.35,2.34
70,ExoPlanet-70,16.9,2.38,284.5,Earth-like,G-dwarf,64.5,1.19,0,0,11.18,5.19,1.19,low,27.45,2.38
72,ExoPlanet-72,17.1,2.42,285.5,Thick atmosphere,G-dwarf,65.5,1.21,0,0,11.22,5.21,1.21,high,27.55,2.42
74,ExoPlanet-74,17.3,2.46,286.5,Thin atmosphere,G-dwarf,66.5,1.23,0,0,11.26,5.23,1.23,medium,27.65,2.46
76,ExoPlanet-76,17.5,2.5,287.5,Earth-like,G-dwarf,67.5,1.25,0,0,11.3,5.25,1.25,low,27.75,2.5
78,ExoPlanet-78,17.7,2.54,288.5,Thick atmosphere,G-dwarf,68.5,1.27,0,0,11.34,5.27,1.27,high,27.85,2.54
80,ExoPlanet-80,17.9,2.58,289.5,Thin atmosphere,G-dwarf,69.5,1.29,0,0,11.38,5.29,1.29,medium,27.95,2.58
82,ExoPlanet-82,18.1,2.62,290.5,Earth-like,G-dwarf,70.5,1.31,0,0,11.42,5.31,1.31,low,28.05,2.62
84,ExoPlanet-84,18.3,2.66,291.5,Thick atmosphere,G-dwarf,71.5,1.33,0,0,11.46,5.33,1.33,high,28.15,2.66
86,ExoPlanet-86,18.5,2.7,292.5,Thin atmosphere,G-dwarf,72.5,1.35,0,0,11.5,5.35,1.35,medium,28.25,2.7
88,ExoPlanet-88,18.7,2.74,293.5,Earth-like,G-dwarf,73.5,1.37,0,0,11.54,5.37,1.37,low,28.35,2.74
90,ExoPlanet-90,18.9,2.78,294.5,Thick atmosphere,G-dwarf,74.5,1.39,0,0,11.58,5.39,1.39,high,28.45,2.78
92,ExoPlanet-92,19.1,2.82,295.5,Thin atmosphere,G-dwarf,75.5,1.41,0,0,11.62,5.41,1.41,medium,28.55,2.82
94,ExoPlanet-94,19.3,2.86,296.5,Earth-like,G-dwarf,76.5,1.43,0,0,11.66,5.43,1.43,low,28.65,2.86
96,ExoPlanet-96,19.5,2.9,297.5,Thick atmosphere,G-dwarf,77.5,1.45,0,0,11.7,5.45,1.45,high,28.75,2.9
98,ExoPlanet-98,19.7,2.94,298.5,Thin atmosphere,G-dwarf,78.5,1.47,0,0,11.74,5.47,1.47,medium,28.85,2.94
100,ExoPlanet-100,19.9,2.98,299.5,Earth-like,G-dwarf,79.5,1.49,0,0,11.78,5.49,1.49,low,28.95,2.98
102,ExoPlanet-102,20.1,3.02,300.5,Thick atmosphere,G-dwarf,80.5,1.51,0,0,11.82,5.51,1.51,high,29.05,3.02
104,ExoPlanet-104,20.3,3.06,301.5,Thin atmosphere,G-dwarf,81.5,1.53,0,0,11.86,5.53,1.53,medium,29.15,3.06
106,ExoPlanet-106,20.5,3.1,302.5,Earth-like,G-dwarf,82.5,1.55,0,0,11.9,5.55,1.55,low,29.25,3.1
108,ExoPlanet-108,20.7,3.14,303.5,Thick atmosphere,G-dwarf,83.5,1.57,0,0,11.94,5.57,1.57,high,29.35,3.14
110,ExoPlanet-110,20.9,3.18,304.5,Thin atmosphere,G-dwarf,84.5,1.59,0,0,11.98,5.59,1.59,medium,29.45,3.18
112,ExoPlanet-112,21.1,3.22,305.5,Earth-like,G-dwarf,85.5,1.61,0,0,12.02,5.61,1.61,low,29.55,3.22
114,ExoPlanet-114,21.3,3.26,306.5,Thick atmosphere,G-dwarf,86.5,1.63,0,0,12.06,5.63,1.63,high,29.65,3.26
116,ExoPlanet-116,21.5,3.3,307.5,Thin atmosphere,G-dwarf,87.5,1.65,0,0,12.1,5.65,1.65,medium,29.75,3.3
118,ExoPlanet-118,21.7,3.34,308.5,Earth-like,G-dwarf,88.5,1.67,0,0,12.14,5.67,1.67,low,29.85,3.34
120,ExoPlanet-120,21.9,3.38,309.5,Thick atmosphere,G-dwarf,89.5,1.69,0,0,12.18,5.69,1.69,high,29.95,3.38
122,ExoPlanet-122,22.1,3.42,310.5,Thin atmosphere,G-dwarf,90.5,1.71,0,0,12.22,5.71,1.71,medium,30.05,3.42
124,ExoPlanet-124,22.3,3.46,311.5,Earth-like,G-dwarf,91.5,1.73,0,0,12.26,5.73,1.73,low,30.15,3.46
126,ExoPlanet-126,22.5,3.5,312.5,Thick atmosphere,G-dwarf,92.5,1.75,0,0,12.3,5.75,1.75,high,30.25,3.5
128,ExoPlanet-128,22.7,3.54,313.5,Thin atmosphere,G-dwarf,93.5,1.77,0,0,12.34,5.77,1.77,medium,30.35,3.54
130,ExoPlanet-130,22.9,3.58,314.5,Earth-like,G-dwarf,94.5,1.79,0,0,12.38,5.79,1.79,low,30.45,3.58
132,ExoPlanet-132,23.1,3.62,315.5,Thick atmosphere,G-dwarf,95.5,1.81,0,0,12.42,5.81,1.81,high,30.55,3.62
134,ExoPlanet-134,23.3,3.66,316.5,Thin atmosphere,G-dwarf,96.5,1.83,0,0,12.46,5.83,1.83,medium,30.65,3.66
136,ExoPlanet-136,23.5,3.7,317.5,Earth-like,G-dwarf,97.5,1.85,0,0,12.5,5.85,1.85,low,30.75,3.7
138,ExoPlanet-138,23.7,3.74,318.5,Thick atmosphere,G-dwarf,98.5,1.87,0,0,12.54,5.87,1.87,high,30.85,3.74
140,ExoPlanet-140,23.9,3.78,319.5,Thin atmosphere,G-dwarf,99.5,1.89,0,0,12.58,5.89,1.89,medium,30.95,3.78
142,ExoPlanet-142,24.1,3.82,320.5,Earth-like,G-dwarf,100.5,1.91,0,0,12.62,5.91,1.91,low,31.05,3.82
144,ExoPlanet-144,24.3,3.86,321.5,Thick atmosphere,G-dwarf,101.5,1.93,0,0,12.66,5.93,1.93,high,31.15,3.86
146,ExoPlanet-146,24.5,3.9,322.5,Thin atmosphere,G-dwarf,102.5,1.95,0,0,12.7,5.95,1.95,medium,31.25,3.9
148,ExoPlanet-148,24.7,3.94,323.5,Earth-like,G-dwarf,103.5,1.97,0,0,12.74,5.97,1.97,low,31.35,3.94
150,ExoPlanet-150,24.9,3.98,324.5,Thick atmosphere,G-dwarf,104.5,1.99,0,0,12.78,5.99,1.99,high,31.45,3.98
152,ExoPlanet-152,25.1,4.02,325.5,Thin atmosphere,G-dwarf,105.5,2.01,0,0,12.82,6.01,2.01,medium,31.55,4.02
154,ExoPlanet-154,25.3,4.06,326.5,Earth-like,G-dwarf,106.5,2.03,0,0,12.86,6.03,2.03,low,31.65,4.06
156,ExoPlanet-156,25.5,4.1,327.5,Thick atmosphere,G-dwarf,107.5,2.05,0,0,12.9,6.05,2.05,high,31.75,4.1
158,ExoPlanet-158,25.7,4.14,328.5,Thin atmosphere,G-dwarf,108.5,2.07,0,0,12.94,6.07,2.07,medium,31.85,4.14
160,ExoPlanet-160,25.9,4.18,329.5,Earth-like,G-dwarf,109.5,2.09,0,0,12.98,6.09,2.09,low,31.95,4.18
162,ExoPlanet-162,26.1,4.22,330.5,Thick atmosphere,G-dwarf,110.5,2.11,0,0,13.02,6.11,2.11,high,32.05,4.22
164,ExoPlanet-164,26.3,4.26,331.5,Thin atmosphere,G-dwarf,111.5,2.13,0,0,13.06,6.13,2.13,medium,32.15,4.26
166,ExoPlanet-166,26.5,4.3,332.5,Earth-like,G-dwarf,112.5,2.15,0,0,13.1,6.15,2.15,low,32.25,4.3
168,ExoPlanet-168,26.7,4.34,333.5,Thick atmosphere,G-dwarf,113.5,2.17,0,0,13.14,6.17,2.17,high,32.35,4.34
170,ExoPlanet-170,26.9,4.38,334.5,Thin atmosphere,G-dwarf,114.5,2.19,0,0,13.18,6.19,2.19,medium,32.45,4.38
172,ExoPlanet-172,27.1,4.42,335.5,Earth-like,G-dwarf,115.5,2.21,0,0,13.22,6.21,2.21,low,32.55,4.42
174,ExoPlanet-174,27.3,4.46,336.5,Thick atmosphere,G-dwarf,116.5,2.23,0,0,13.26,6.23,2.23,high,32.65,4.46
176,ExoPlanet-176,27.5,4.5,337.5,Thin atmosphere,G-dwarf,117.5,2.25,0,0,13.3,6.25,2.25,medium,32.75,4.5
178,ExoPlanet-178,27.7,4.54,338.5,Earth-like,G-dwarf,118.5,2.27,0,0,13.34,6.27,2.27,low,32.85,4.54
180,ExoPlanet-180,27.9,4.58,339.5,Thick atmosphere,G-dwarf,119.5,2.29,0,0,13.38,6.29,2.29,high,32.95,4.58
182,ExoPlanet-182,28.1,4.62,340.5,Thin atmosphere,G-dwarf,120.5,2.31,0,0,13.42,6.31,2.31,medium,33.05,4.62
184,ExoPlanet-184,28.3,4.66,341.5,Earth-like,G-dwarf,121.5,2.33,0,0,13.46,6.33,2.33,low,33.15,4.66
186,ExoPlanet-186,28.5,4.7,342.5,Thick atmosphere,G-dwarf,122.5,2.35,0,0,13.5,6.35,2.35,high,33.25,4.7
188,ExoPlanet-188,28.7,4.74,343.5,Thin atmosphere,G-dwarf,123.5,2.37,0,0,13.54,6.37,2.37,medium,33.35,4.74
190,ExoPlanet-190,28.9,4.78,344.5,Earth-like,G-dwarf,124.5,2.39,0,0,13.58,6.39,2.39,low,33.45,4.78
192,ExoPlanet-192,29.1,4.82,345.5,Thick atmosphere,G-dwarf,125.5,2.41,0,0,13.62,6.41,2.41,high,33.55,4.82
194,ExoPlanet-194,29.3,4.86,346.5,Thin atmosphere,G-dwarf,126.5,2.43,0,0,13.66,6.43,2.43,medium,33.65,4.86
196,ExoPlanet-196,29.5,4.9,347.5,Earth-like,G-dwarf,127.5,2.45,0,0,13.7,6.45,2.45,low,33.75,4.9
198,ExoPlanet-198,29.7,4.94,348.5,Thick atmosphere,G-dwarf,128.5,2.47,0,0,13.74,6.47,2.47,high,33.85,4.94
200,ExoPlanet-200,29.9,4.98,349.5,Thin atmosphere,G-dwarf,129.5,2.49,0,0,13.78,6.49,2.49,medium,33.95,4.98
202,ExoPlanet-202,30.1,5.02,350.5,Earth-like,G-dwarf,130.5,2.51,0,0,13.82,6.51,2.51,low,34.05,5.02
204,ExoPlanet-204,30.3,5.06,351.5,Thick atmosphere,G-dwarf,131.5,2.53,0,0,13.86,6.53,2.53,high,34.15,5.06
206,ExoPlanet-206,30.5,5.1,352.5,Thin atmosphere,G-dwarf,132.5,2.55,0,0,13.9,6.55,2.55,medium,34.25,5.1
208,ExoPlanet-208,30.7,5.14,353.5,Earth-like,G-dwarf,133.5,2.57,0,0,13.94,6.57,2.57,low,34.35,5.14
210,ExoPlanet-210,30.9,5.18,354.5,Thick atmosphere,G-dwarf,134.5,2.59,0,0,13.98,6.59,2.59,high,34.45,5.18
212,ExoPlanet-212,31.1,5.22,355.5,Thin atmosphere,G-dwarf,135.5,2.61,0,0,14.02,6.61,2.61,medium,34.55,5.22
214,ExoPlanet-214,31.3,5.26,356.5,Earth-like,G-dwarf,136.5,2.63,0,0,14.06,6.63,2.63,low,34.65,5.26
216,ExoPlanet-216,31.5,5.3,357.5,Thick atmosphere,G-dwarf,137.5,2.65,0,0,14.1,6.65,2.65,high,34.75,5.3
218,ExoPlanet-218,31.7,5.34,358.5,Thin atmosphere,G-dwarf,138.5,2.67,0,0,14.14,6.67,2.67,medium,34.85,5.34
220,ExoPlanet-220,31.9,5.38,359.5,Earth-like,G-dwarf,139.5,2.69,0,0,14.18,6.69,2.69,low,34.95,5.38
222,ExoPlanet-222,32.1,5.42,360.5,Thick atmosphere,G-dwarf,140.5,2.71,0,0,14.22,6.71,2.71,high,35.05,5.42
224,ExoPlanet-224,32.3,5.46,361.5,Thin atmosphere,G-dwarf,141.5,2.73,0,0,14.26,6.73,2.73,medium,35.15,5.46
226,ExoPlanet-226,32.5,5.5,362.5,Earth-like,G-dwarf,142.5,2.75,0,0,14.3,6.75,2.75,low,35.25,5.5
228,ExoPlanet-228,32.7,5.54,363.5,Thick atmosphere,G-dwarf,143.5,2.77,0,0,14.34,6.77,2.77,high,35.35,5.54
230,ExoPlanet-230,32.9,5.58,364.5,Thin atmosphere,G-dwarf,144.5,2.79,0,0,14.38,6.79,2.79,medium,35.45,5.58
232,ExoPlanet-232,33.1,5.62,365.5,Earth-like,G-dwarf,145.5,2.81,0,0,14.42,6.81,2.81,low,35.55,5.62
234,ExoPlanet-234,33.3,5.66,366.5,Thick atmosphere,G-dwarf,146.5,2.83,0,0,14.46,6.83,2.83,high,35.65,5.66
236,ExoPlanet-236,33.5,5.7,367.5,Thin atmosphere,G-dwarf,147.5,2.85,0,0,14.5,6.85,2.85,medium,35.75,5.7
238,ExoPlanet-238,33.7,5.74,368.5,Earth-like,G-dwarf,148.5,2.87,0,0,14.54,6.87,2.87,low,35.85,5.74
240,ExoPlanet-240,33.9,5.78,369.5,Thick atmosphere,G-dwarf,149.5,2.89,0,0,14.58,6.89,2.89,high,35.95,5.78
242,ExoPlanet-242,34.1,5.82,370.5,Thin atmosphere,G-dwarf,150.5,2.91,0,0,14.62,6.91,2.91,medium,36.05,5.82
244,ExoPlanet-244,34.3,5.86,371.5,Earth-like,G-dwarf,151.5,2.93,0,0,14.66,6.93,2.93,low,36.15,5.86
246,ExoPlanet-246,34.5,5.9,372.5,Thick atmosphere,G-dwarf,152.5,2.95,0,0,14.7,6.95,2.95,high,36.25,5.9
248,ExoPlanet-248,34.7,5.94,373.5,Thin atmosphere,G-dwarf,153.5,2.97,0,0,14.74,6.97,2.97,medium,36.35,5.94
250,ExoPlanet-250,34.9,5.98,374.5,Earth-like,G-dwarf,154.5,2.99,0,0,14.78,6.99,2.99,low,36.45,5.98
252,ExoPlanet-252,35.1,6.02,375.5,Thick atmosphere,G-dwarf,155.5,3.01,0,0,14.82,7.01,3.01,high,36.55,6.02
254,ExoPlanet-254,35.3,6.06,376.5,Thin atmosphere,G-dwarf,156.5,3.03,0,0,14.86,7.03,3.03,medium,36.65,6.06
256,ExoPlanet-256,35.5,6.1,377.5,Earth-like,G-dwarf,157.5,3.05,0,0,14.9,7.05,3.05,low,36.75,6.1
258,ExoPlanet-258,35.7,6.14,378.5,Thick atmosphere,G-dwarf,158.5,3.07,0,0,14.94,7.07,3.07,high,36.85,6.14
260,ExoPlanet-260,35.9,6.18,379.5,Thin atmosphere,G-dwarf,159.5,3.09,0,0,14.98,7.09,3.09,medium,36.95,6.18
262,ExoPlanet-262,36.1,6.22,380.5,Earth-like,G-dwarf,160.5,3.11,0,0,15.02,7.11,3.11,low,37.05,6.22
264,ExoPlanet-264,36.3,6.26,381.5,Thick atmosphere,G-dwarf,161.5,3.13,0,0,15.06,7.13,3.13,high,37.15,6.26
266,ExoPlanet-266,36.5,6.3,382.5,Thin atmosphere,G-dwarf,162.5,3.15,0,0,15.1,7.15,3.15,medium,37.25,6.3
268,ExoPlanet-268,36.7,6.34,383.5,Earth-like,G-dwarf,163.5,3.17,0,0,15.14,7.17,3.17,low,37.35,6.34
270,ExoPlanet-270,36.9,6.38,384.5,Thick atmosphere,G-dwarf,164.5,3.19,0,0,15.18,7.19,3.19,high,37.45,6.38
272,ExoPlanet-272,37.1,6.42,385.5,Thin atmosphere,G-dwarf,165.5,3.21,0,0,15.22,7.21,3.21,medium,37.55,6.42
274,ExoPlanet-274,37.3,6.46,386.5,Earth-like,G-dwarf,166.5,3.23,0,0,15.26,7.23,3.23,low,37.65,6.46
276,ExoPlanet-276,37.5,6.5,387.5,Thick atmosphere,G-dwarf,167.5,3.25,0,0,15.3,7.25,3.25,high,37.75,6.5
278,ExoPlanet-278,37.7,6.54,388.5,Thin atmosphere,G-dwarf,168.5,3.27,0,0,15.34,7.27,3.27,medium,37.85,6.54
280,ExoPlanet-280,37.9,6.58,389.5,Earth-like,G-dwarf,169.5,3.29,0,0,15.38,7.29,3.29,low,37.95,6.58
282,ExoPlanet-282,38.1,6.62,390.5,Thick atmosphere,G-dwarf,170.5,3.31,0,0,15.42,7.31,3.31,high,38.05,6.62
284,ExoPlanet-284,38.3,6.66,391.5,Thin atmosphere,G-dwarf,171.5,3.33,0,0,15.46,7.33,3.33,medium,38.15,6.66
286,ExoPlanet-286,38.5,6.7,392.5,Earth-like,G-dwarf,172.5,3.35,0,0,15.5,7.35,3.35,low,38.25,6.7
288,ExoPlanet-288,38.7,6.74,393.5,Thick atmosphere,G-dwarf,173.5,3.37,0,0,15.54,7.37,3.37,high,38.35,6.74
290,ExoPlanet-290,38.9,6.78,394.5,Thin atmosphere,G-dwarf,174.5,3.39,0,0,15.58,7.39,3.39,medium,38.45,6.78
292,ExoPlanet-292,39.1,6.82,395.5,Earth-like,G-dwarf,175.5,3.41,0,0,15.62,7.41,3.41,low,38.55,6.82
294,ExoPlanet-294,39.3,6.86,396.5,Thick atmosphere,G-dwarf,176.5,3.43,0,0,15.66,7.43,3.43,high,38.65,6.86
296,ExoPlanet-296,39.5,6.9,397.5,Thin atmosphere,G-dwarf,177.5,3.45,0,0,15.7,7.45,3.45,medium,38.75,6.9
298,ExoPlanet-298,39.7,6.94,398.5,Earth-like,G-dwarf,178.5,3.47,0,0,15.74,7.47,3.47,low,38.85,6.94
300,ExoPlanet-300,39.9,6.98,399.5,Thick atmosphere,G-dwarf,179.5,3.49,0,0,15.78,7.49,3.49,high,38.95,6.98
302,ExoPlanet-302,40.1,7.02,400.5,Thin atmosphere,G-dwarf,180.5,3.51,0,0,15.82,7.51,3.51,medium,39.05,7.02
304,ExoPlanet-304,40.3,7.06,401.5,Earth-like,G-dwarf,181.5,3.53,0,0,15.86,7.53,3.53,low,39.15,7.06
306,ExoPlanet-306,40.5,7.1,402.5,Thick atmosphere,G-dwarf,182.5,3.55,0,0,15.9,7.55,3.55,high,39.25,7.1
308,ExoPlanet-308,40.7,7.14,403.5,Thin atmosphere,G-dwarf,183.5,3.57,0,0,15.94,7.57,3.57,medium,39.35,7.14
310,ExoPlanet-310,40.9,7.18,404.5,Earth-like,G-dwarf,184.5,3.59,0,0,15.98,7.59,3.59,low,39.45,7.18
312,ExoPlanet-312,41.1,7.22,405.5,Thick atmosphere,G-dwarf,185.5,3.61,0,0,16.02,7.61,3.61,high,39.55,7.22
314,ExoPlanet-314,41.3,7.26,406.5,Thin atmosphere,G-dwarf,186.5,3.63,0,0,16.06,7.63,3.63,medium,39.65,7.26
316,ExoPlanet-316,41.5,7.3,407.5,Earth-like,G-dwarf,187.5,3.65,0,0,16.1,7.65,3.65,low,39.75,7.3
318,ExoPlanet-318,41.7,7.34,408.5,Thick atmosphere,G-dwarf,188.5,3.67,0,0,16.14,7.67,3.67,high,39.85,7.34
320,ExoPlanet-320,41.9,7.38,409.5,Thin atmosphere,G-dwarf,189.5,3.69,0,0,16.18,7.69,3.69,medium,39.95,7.38
322,ExoPlanet-322,42.1,7.42,410.5,Earth-like,G-dwarf,190.5,3.71,0,0,16.22,7.71,3.71,low,40.05,7.42
324,ExoPlanet-324,42.3,7.46,411.5,Thick atmosphere,G-dwarf,191.5,3.73,0,0,16.26,7.73,3.73,high,40.15,7.46
326,ExoPlanet-326,42.5,7.5,412.5,Thin atmosphere,G-dwarf,192.5,3.75,0,0,16.3,7.75,3.75,medium,40.25,7.5
328,ExoPlanet-328,42.7,7.54,413.5,Earth-like,G-dwarf,193.5,3.77,0,0,16.34,7.77,3.77,low,40.35,7.54
330,ExoPlanet-330,42.9,7.58,414.5,Thick atmosphere,G-dwarf,194.5,3.79,0,0,16.38,7.79,3.79,high,40.45,7.58
332,ExoPlanet-332,43.1,7.62,415.5,Thin atmosphere,G-dwarf,195.5,3.81,0,0,16.42,7.81,3.81,medium,40.55,7.62
334,ExoPlanet-334,43.3,7.66,416.5,Earth-like,G-dwarf,196.5,3.83,0,0,16.46,7.83,3.83,low,40.65,7.66
336,ExoPlanet-336,43.5,7.7,417.5,Thick atmosphere,G-dwarf,197.5,3.85,0,0,16.5,7.85,3.85,high,40.75,7.7
338,ExoPlanet-338,43.7,7.74,418.5,Thin atmosphere,G-dwarf,198.5,3.87,0,0,16.54,7.87,3.87,medium,40.85,7.74
340,ExoPlanet-340,43.9,7.78,419.5,Earth-like,G-dwarf,199.5,3.89,0,0,16.58,7.89,3.89,low,40.95,7.78
342,ExoPlanet-342,44.1,7.82,420.5,Thick atmosphere,G-dwarf,200.5,3.91,0,0,16.62,7.91,3.91,high,41.05,7.82
344,ExoPlanet-344,44.3,7.86,421.5,Thin atmosphere,G-dwarf,201.5,3.93,0,0,16.66,7.93,3.93,medium,41.15,7.86
346,ExoPlanet-346,44.5,7.9,422.5,Earth-like,G-dwarf,202.5,3.95,0,0,16.7,7.95,3.95,low,41.25,7.9
348,ExoPlanet-348,44.7,7.94,423.5,Thick atmosphere,G-dwarf,203.5,3.97,0,0,16.74,7.97,3.97,high,41.35,7.94
350,ExoPlanet-350,44.9,7.98,424.5,Thin atmosphere,G-dwarf,204.5,3.99,0,0,16.78,7.99,3.99,medium,41.45,7.98
352,ExoPlanet-352,45.1,8.02,425.5,Earth-like,G-dwarf,205.5,4.01,0,0,16.82,8.01,4.01,low,41.55,8.02
354,ExoPlanet-354,45.3,8.06,426.5,Thick atmosphere,G-dwarf,206.5,4.03,0,0,16.86,8.03,4.03,high,41.65,8.06
356,ExoPlanet-356,45.5,8.1,427.5,Thin atmosphere,G-dwarf,207.5,4.05,0,0,16.9,8.05,4.05,medium,41.75,8.1
358,ExoPlanet-358,45.7,8.14,428.5,Earth-like,G-dwarf,208.5,4.07,0,0,16.94,8.07,4.07,low,41.85,8.14
360,ExoPlanet-360,45.9,8.18,429.5,Thick atmosphere,G-dwarf,209.5,4.09,0,0,16.98,8.09,4.09,high,41.95,8.18
362,ExoPlanet-362,46.1,8.22,430.5,Thin atmosphere,G-dwarf,210.5,4.11,0,0,17.02,8.11,4.11,medium,42.05,8.22
364,ExoPlanet-364,46.3,8.26,431.5,Earth-like,G-dwarf,211.5,4.13,0,0,17.06,8.13,4.13,low,42.15,8.26
366,ExoPlanet-366,46.5,8.3,432.5,Thick atmosphere,G-dwarf,212.5,4.15,0,0,17.1,8.15,4.15,high,42.25,8.3
368,ExoPlanet-368,46.7,8.34,433.5,Thin atmosphere,G-dwarf,213.5,4.17,0,0,17.14,8.17,4.17,medium,42.35,8.34
370,ExoPlanet-370,46.9,8.38,434.5,Earth-like,G-dwarf,214.5,4.19,0,0,17.18,8.19,4.19,low,42.45,8.38
372,ExoPlanet-372,47.1,8.42,435.5,Thick atmosphere,G-dwarf,215.5,4.21,0,0,17.22,8.21,4.21,high,42.55,8.42
374,ExoPlanet-374,47.3,8.46,436.5,Thin atmosphere,G-dwarf,216.5,4.23,0,0,17.26,8.23,4.23,medium,42.65,8.46
376,ExoPlanet-376,47.5,8.5,437.5,Earth-like,G-dwarf,217.5,4.25,0,0,17.3,8.25,4.25,low,42.75,8.5
378,ExoPlanet-378,47.7,8.54,438.5,Thick atmosphere,G-dwarf,218.5,4.27,0,0,17.34,8.27,4.27,high,42.85,8.54
380,ExoPlanet-380,47.9,8.58,439.5,Thin atmosphere,G-dwarf,219.5,4.29,0,0,17.38,8.29,4.29,medium,42.95,8.58
382,ExoPlanet-382,48.1,8.62,440.5,Earth-like,G-dwarf,220.5,4.31,0,0,17.42,8.31,4.31,low,43.05,8.62
384,ExoPlanet-384,48.3,8.66,441.5,Thick atmosphere,G-dwarf,221.5,4.33,0,0,17.46,8.33,4.33,high,43.15,8.66
386,ExoPlanet-386,48.5,8.7,442.5,Thin atmosphere,G-dwarf,222.5,4.35,0,0,17.5,8.35,4.35,medium,43.25,8.7
388,ExoPlanet-388,48.7,8.74,443.5,Earth-like,G-dwarf,223.5,4.37,0,0,17.54,8.37,4.37,low,43.35,8.74
390,ExoPlanet-390,48.9,8.78,444.5,Thick atmosphere,G-dwarf,224.5,4.39,0,0,17.58,8.39,4.39,high,43.45,8.78
392,ExoPlanet-392,49.1,8.82,445.5,Thin atmosphere,G-dwarf,225.5,4.41,0,0,17.62,8.41,4.41,medium,43.55,8.82
394,ExoPlanet-394,49.3,8.86,446.5,Earth-like,G-dwarf,226.5,4.43,0,0,17.66,8.43,4.43,low,43.65,8.86
396,ExoPlanet-396,49.5,8.9,447.5,Thick atmosphere,G-dwarf,227.5,4.45,0,0,17.7,8.45,4.45,high,43.75,8.9
398,ExoPlanet-398,49.7,8.94,448.5,Thin atmosphere,G-dwarf,228.5,4.47,0,0,17.74,8.47,4.47,medium,43.85,8.94
400,ExoPlanet-400,49.9,8.98,449.5,Earth-like,G-dwarf,229.5,4.49,0,0,17.78,8.49,4.49,low,43.95,8.98
402,ExoPlanet-402,50.1,9.02,450.5,Thick atmosphere,G-dwarf,230.5,4.51,0,0,17.82,8.51,4.51,high,44.05,9.02
404,ExoPlanet-404,50.3,9.06,451.5,Thin atmosphere,G-dwarf,231.5,4.53,0,0,17.86,8.53,4.53,medium,44.15,9.06
406,ExoPlanet-406,50.5,9.1,452.5,Earth-like,G-dwarf,232.5,4.55,0,0,17.9,8.55,4.55,low,44.25,9.1
408,ExoPlanet-408,50.7,9.14,453.5,Thick atmosphere,G-dwarf,233.5,4.57,0,0,17.94,8.57,4.57,high,44.35,9.14
410,ExoPlanet-410,50.9,9.18,454.5,Thin atmosphere,G-dwarf,234.5,4.59,0,0,17.98,8.59,4.59,medium,44.45,9.18
412,ExoPlanet-412,51.1,9.22,455.5,Earth-like,G-dwarf,235.5,4.61,0,0,18.02,8.61,4.61,low,44.55,9.22
414,ExoPlanet-414,51.3,9.26,456.5,Thick atmosphere,G-dwarf,236.5,4.63,0,0,18.06,8.63,4.63,high,44.65,9.26
416,ExoPlanet-416,51.5,9.3,457.5,Thin atmosphere,G-dwarf,237.5,4.65,0,0,18.1,8.65,4.65,medium,44.75,9.3
418,ExoPlanet-418,51.7,9.34,458.5,Earth-like,G-dwarf,238.5,4.67,0,0,18.14,8.67,4.67,low,44.85,9.34
420,ExoPlanet-420,51.9,9.38,459.5,Thick atmosphere,G-dwarf,239.5,4.69,0,0,18.18,8.69,4.69,high,44.95,9.38
422,ExoPlanet-422,52.1,9.42,460.5,Thin atmosphere,G-dwarf,240.5,4.71,0,0,18.22,8.71,4.71,medium,45.05,9.42
424,ExoPlanet-424,52.3,9.46,461.5,Earth-like,G-dwarf,241.5,4.73,0,0,18.26,8.73,4.73,low,45.15,9.46
426,ExoPlanet-426,52.5,9.5,462.5,Thick atmosphere,G-dwarf,242.5,4.75,0,0,18.3,8.75,4.75,high,45.25,9.5
428,ExoPlanet-428,52.7,9.54,463.5,Thin atmosphere,G-dwarf,243.5,4.77,0,0,18.34,8.77,4.77,medium,45.35,9.54
430,ExoPlanet-430,52.9,9.58,464.5,Earth-like,G-dwarf,244.5,4.79,0,0,18.38,8.79,4.79,low,45.45,9.58
432,ExoPlanet-432,53.1,9.62,465.5,Thick atmosphere,G-dwarf,245.5,4.81,0,0,18.42,8.81,4.81,high,45.55,9.62
434,ExoPlanet-434,53.3,9.66,466.5,Thin atmosphere,G-dwarf,246.5,4.83,0,0,18.46,8.83,4.83,medium,45.65,9.66
436,ExoPlanet-436,53.5,9.7,467.5,Earth-like,G-dwarf,247.5,4.85,0,0,18.5,8.85,4.85,low,45.75,9.7
438,ExoPlanet-438,53.7,9.74,468.5,Thick atmosphere,G-dwarf,248.5,4.87,0,0,18.54,8.87,4.87,high,45.85,9.74
440,ExoPlanet-440,53.9,9.78,469.5,Thin atmosphere,G-dwarf,249.5,4.89,0,0,18.58,8.89,4.89,medium,45.95,9.78
442,ExoPlanet-442,54.1,9.82,470.5,Earth-like,G-dwarf,250.5,4.91,0,0,18.62,8.91,4.91,low,46.05,9.82
444,ExoPlanet-444,54.3,9.86,471.5,Thick atmosphere,G-dwarf,251.5,4.93,0,0,18.66,8.93,4.93,high,46.15,9.86
446,ExoPlanet-446,54.5,9.9,472.5,Thin atmosphere,G-dwarf,252.5,4.95,0,0,18.7,8.95,4.95,medium,46.25,9.9
448,ExoPlanet-448,54.7,9.94,473.5,Earth-like,G-dwarf,253.5,4.97,0,0,18.74,8.97,4.97,low,46.35,9.94
450,ExoPlanet-450,54.9,9.98,474.5,Thick atmosphere,G-dwarf,254.5,4.99,0,0,18.78,8.99,4.99,high,46.45,9.98
452,ExoPlanet-452,55.1,10.02,475.5,Thin atmosphere,G-dwarf,255.5,5.01,0,0,18.82,9.01,5.01,medium,46.55,10.02
454,ExoPlanet-454,55.3,10.06,476.5,Earth-like,G-dwarf,256.5,5.03,0,0,18.86,9.03,5.03,low,46.65,10.06
456,ExoPlanet-456,55.5,10.1,477.5,Thick atmosphere,G-dwarf,257.5,5.05,0,0,18.9,9.05,5.05,high,46.75,10.1
458,ExoPlanet-458,55.7,10.14,478.5,Thin atmosphere,G-dwarf,258.5,5.07,0,0,18.94,9.07,5.07,medium,46.85,10.14
460,ExoPlanet-460,55.9,10.18,479.5,Earth-like,G-dwarf,259.5,5.09,0,0,18.98,9.09,5.09,low,46.95,10.18
462,ExoPlanet-462,56.1,10.22,480.5,Thick atmosphere,G-dwarf,260.5,5.11,0,0,19.02,9.11,5.11,high,47.05,10.22
464,ExoPlanet-464,56.3,10.26,481.5,Thin atmosphere,G-dwarf,261.5,5.13,0,0,19.06,9.13,5.13,medium,47.15,10.26
466,ExoPlanet-466,56.5,10.3,482.5,Earth-like,G-dwarf,262.5,5.15,0,0,19.1,9.15,5.15,low,47.25,10.3
468,ExoPlanet-468,56.7,10.34,483.5,Thick atmosphere,G-dwarf,263.5,5.17,0,0,19.14,9.17,5.17,high,47.35,10.34
470,ExoPlanet-470,56.9,10.38,484.5,Thin atmosphere,G-dwarf,264.5,5.19,0,0,19.18,9.19,5.19,medium,47.45,10.38
472,ExoPlanet-472,57.1,10.42,485.5,Earth-like,G-dwarf,265.5,5.21,0,0,19.22,9.21,5.21,low,47.55,10.42
474,ExoPlanet-474,57.3,10.46,486.5,Thick atmosphere,G-dwarf,266.5,5.23,0,0,19.26,9.23,5.23,high,47.65,10.46
476,ExoPlanet-476,57.5,10.5,487.5,Thin atmosphere,G-dwarf,267.5,5.25,0,0,19.3,9.25,5.25,medium,47.75,10.5
478,ExoPlanet-478,57.7,10.54,488.5,Earth-like,G-dwarf,268.5,5.27,0,0,19.34,9.27,5.27,low,47.85,10.54
480,ExoPlanet-480,57.9,10.58,489.5,Thick atmosphere,G-dwarf,269.5,5.29,0,0,19.38,9.29,5.29,high,47.95,10.58
482,ExoPlanet-482,58.1,10.62,490.5,Thin atmosphere,G-dwarf,270.5,5.31,0,0,19.42,9.31,5.31,medium,48.05,10.62
484,ExoPlanet-484,58.3,10.66,491.5,Earth-like,G-dwarf,271.5,5.33,0,0,19.46,9.33,5.33,low,48.15,10.66
486,ExoPlanet-486,58.5,10.7,492.5,Thick atmosphere,G-dwarf,272.5,5.35,0,0,19.5,9.35,5.35,high,48.25,10.7
488,ExoPlanet-488,58.7,10.74,493.5,Thin atmosphere,G-dwarf,273.5,5.37,0,0,19.54,9.37,5.37,medium,48.35,10.74
490,ExoPlanet-490,58.9,10.78,494.5,Earth-like,G-dwarf,274.5,5.39,0,0,19.58,9.39,5.39,low,48.45,10.78
492,ExoPlanet-492,59.1,10.82,495.5,Thick atmosphere,G-dwarf,275.5,5.41,0,0,19.62,9.41,5.41,high,48.55,10.82
494,ExoPlanet-494,59.3,10.86,496.5,Thin atmosphere,G-dwarf,276.5,5.43,0,0,19.66,9.43,5.43,medium,48.65,10.86
